model,season,pr_demise,pr_duration,pr_integrated_amount,pr_onset,pr_peak_amount,pr_peak_timing,pr_seas_ratio,dmi_amount,dmi_timing,hus1000_amount,hus1000_timing,hus850_amount,hus850_timing,mse1000_amount,mse1000_timing,mse850_amount,mse850_timing,tos_amount,tos_timing,ua250_amount,ua250_timing,ua250e_amount,ua250e_timing,wap250_amount,wap250_timing,wap500_amount,wap500_timing,dmi_amount_corr,dmi_timing_corr,hus1000_amount_corr,hus1000_timing_corr,hus850_amount_corr,hus850_timing_corr,mse1000_amount_corr,mse1000_timing_corr,mse850_amount_corr,mse850_timing_corr,tos_amount_corr,tos_timing_corr,ua250_amount_corr,ua250_timing_corr,ua250e_amount_corr,ua250e_timing_corr,wap250_amount_corr,wap250_timing_corr,wap500_amount_corr,wap500_timing_corr
ACCESS-CM2,long,158.8135593220339,48.83050847457627,98.82729220806186,109.98305084745763,4.547825733039891e-05,132.10169491525423,0.7084092757218792,-0.7347479462623596,158.0,0.016986677423119545,150.0,0.010865856893360615,150.0,340650.59375,149.0,334067.90625,149.0,28.893959045410156,131.0,2.1962733268737793,148.0,2.1117136478424072,215.0,0.015213132835924625,149.0,0.012050426565110683,149.0,0.18755604286816904,-0.26552040069351485,0.6346768368031113,0.5616555449507511,0.8402847023321102,0.6705603997743699,0.5103296007764494,0.4141188503789676,0.757920340328442,0.6204551841753813,0.18104619846286257,0.30629690454486724,0.390832163363696,0.13998153845371597,0.4796007199196047,0.2970040808341958,-0.7207705902981301,-0.059543890318448464,-0.6974242379069282,0.1756461863319581
ACCESS-CM2,short,336.79661016949154,84.77966101694915,224.19671210749647,252.01694915254237,6.825600973832602e-05,290.864406779661,0.7084092757218792,-0.042705122381448746,308.0,0.01639579050242901,318.0,0.01095295138657093,284.0,339061.0625,319.0,332897.09375,283.0,28.240644454956055,336.0,3.5056979656219482,270.0,4.470065116882324,267.0,0.013633808121085167,291.0,0.0022789817303419113,290.0,0.45497467521264234,0.24713514923855184,0.6294057520485765,0.5765340438920641,0.7359964334484749,0.5670293507942107,0.53921302200314,0.16701847120429558,0.6004553238682494,0.6893646707577143,0.23114459374463858,-0.02752234249572863,-0.410329293276005,-0.06341638108303853,0.0859377896690271,-0.3282042212261364,-0.7259448211655981,0.13400868191364443,-0.8039063747493216,0.17682092273608646
ACCESS-ESM1-5,long,193.03846153846155,42.76923076923077,147.491448074652,150.26923076923077,5.144662869637474e-05,169.73076923076923,0.8636444107375808,-0.5775682330131531,229.0,,,0.011721574701368809,162.0,,,,,28.85126304626465,140.0,3.1162500381469727,153.0,4.506692409515381,169.0,0.010643787682056427,53.0,0.017967864871025085,87.0,0.389614069002545,0.0829581182322475,,,0.5703457358627914,0.4618421179177046,,,,,0.258103037741102,0.24217390713650405,0.022730055747168267,-0.2076372617516874,0.05052830973137197,0.44562557908711525,-0.25780371883994263,0.10753390409083594,-0.5414573270511576,-0.11916240873845683
ACCESS-ESM1-5,short,341.72727272727275,78.0,283.10038965613455,263.72727272727275,9.163263455940813e-05,279.8636363636364,0.8636444107375808,0.6813269257545471,283.0,,,0.012441685423254967,293.0,,,,,28.548587799072266,327.0,-0.07671114057302475,285.0,4.687892436981201,259.0,0.006725924555212259,356.0,-0.004991159774363041,293.0,0.6068404445236893,0.2059545874232308,,,0.6140853261037991,0.5272289144937918,,,,,0.32356634869885625,0.21372934254705467,-0.47437985947000744,-0.4956974576513464,0.2361796969596348,-0.06020165573745848,-0.5342036182533727,-0.6653685812086843,-0.750490674270362,0.6272921673902861
AWI-CM-1-1-MR,long,,,,,,,,-0.18833547830581665,117.0,,,,,,,,,29.32029914855957,124.0,,,,,,,,,,,,,,,,,,,,,,,,,,,,
AWI-CM-1-1-MR,short,,,,,,,,-0.8530094027519226,346.0,,,,,,,,,27.717315673828125,330.0,,,,,,,,,,,,,,,,,,,,,,,,,,,,
AWI-ESM-1-1-LR,long,145.14705882352942,58.73529411764706,56.536078155128344,86.41176470588235,2.659184584070531e-05,116.6470588235294,0.4514448055030514,-0.0006703858962282538,106.0,0.012480318546295166,128.0,0.011032551527023315,130.0,333504.9375,128.0,333432.71875,129.0,27.926204681396484,121.0,1.8252818584442139,118.0,0.47061246633529663,133.0,0.008869856595993042,122.0,0.00770043907687068,117.0,0.28939260956177365,0.13558555268399308,0.7378163633266639,0.7007016304273134,0.6023976015026506,0.5935001223174847,0.31651014968913677,0.6157627716224644,0.23069385721414715,0.5511855108480311,0.2539098204973258,0.18708302248444483,0.20756238977851285,-0.0887819168659835,0.05347111447348942,0.21629486592603897,-0.5541308270317178,0.059385286997409845,-0.8222148930629475,-0.0401960694132954
AWI-ESM-1-1-LR,short,335.1818181818182,57.09090909090909,52.61654946763614,278.09090909090907,2.17448745471219e-05,304.42424242424244,0.4514448055030514,-0.7107752561569214,354.0,0.011427740566432476,291.0,0.009979150258004665,295.0,329789.9375,290.0,329809.6875,291.0,26.393901824951172,334.0,5.596879005432129,320.0,1.2985635995864868,315.0,0.013000535778701305,328.0,0.018547004088759422,307.0,-0.16189581315304397,-0.19529807389441894,0.5514892247463202,0.4524497715689791,0.4923040807395165,0.5449149675118726,0.49920245039619526,0.391112408983315,0.4461308293058928,0.5943690243253136,0.3297716172527233,0.24038912723510347,-0.08964252046502377,-0.3324495049925872,0.021453893880288014,-0.21728982017774467,-0.18664760885442191,0.25165733755528974,-0.49650842353270475,0.24679935407928424
BCC-CSM2-MR,long,152.27272727272728,52.493506493506494,173.2176099355917,99.77922077922078,9.14134888226762e-05,124.31168831168831,0.6482405572185392,0.016475560143589973,127.0,0.015056470409035683,140.0,0.012414409779012203,142.0,,,,,30.069494247436523,126.0,0.1763860434293747,152.0,-1.6191140413284302,136.0,0.00020476922509260476,133.0,-0.00925397127866745,135.0,-0.357385607898131,0.14381790703313146,0.687141881355383,0.3875306149092456,0.611554553171614,0.39698297070486754,,,,,0.005596149182728327,0.1900744254630413,-0.11382512034115747,0.10302991610289468,-0.014196921795765323,0.013115698649426008,-0.6165301635235163,0.39776853910064996,-0.684048904717441,0.5565678079202899
BCC-CSM2-MR,short,347.76623376623377,94.35064935064935,410.7131747551211,253.41558441558442,0.00012818366932068867,301.24675324675326,0.6482405572185392,1.7662376165390015,290.0,0.01524343155324459,291.0,0.012477392330765724,290.0,,,,,29.20724105834961,331.0,8.950901985168457,364.0,18.618268966674805,364.0,-0.005546123255044222,296.0,-0.020879799500107765,296.0,0.6580144148879481,-0.09695227936579578,0.6654093473934879,0.4799162068393108,0.5195564553909233,0.3180326735423929,,,,,0.44719442560455946,0.13459623506502394,-0.19711815090459062,-0.37868820886086857,0.2621808635487644,-0.06388360051349781,-0.7729555529838632,0.3468110799400192,-0.779760804231998,0.680378066876243
BCC-ESM1,long,162.4,64.6,233.18792898891846,97.8,9.415882450412028e-05,124.8,0.49723769313236604,0.6103890538215637,130.0,0.014479869976639748,143.0,0.012555885128676891,137.0,340241.3125,136.0,337922.6875,136.0,29.642292022705078,135.0,3.138901472091675,126.0,1.6223955154418945,129.0,-0.004454879090189934,140.0,-0.01705910824239254,143.0,-0.21928192834268434,0.15150767585486613,0.5657785787801765,0.5313456968859785,0.4977360814319294,0.47403077524121906,0.36597743639410024,0.44579720121128585,0.2824017853271741,0.24077923829210263,0.22524301818182413,0.02153353633842179,-0.005190942256280848,0.02273259045559263,0.12835608846616214,0.11073733899720342,-0.5272450669692391,-0.1039491933993307,-0.8102100570467607,0.7111093934723152
BCC-ESM1,short,352.9,97.7,388.8681351412378,255.2,9.93979920167476e-05,306.2,0.49723769313236604,1.551632285118103,288.0,0.014385280199348927,308.0,0.012462208978831768,306.0,339346.9375,306.0,337109.8125,305.0,28.940847396850586,332.0,1.6223719120025635,286.0,-0.2750278413295746,286.0,-0.002064154716208577,331.0,-0.02209862321615219,307.0,0.4352559995690948,-0.10326171454005495,0.7772413035398766,0.6488624789639665,0.6590305062192312,0.545145602774645,0.6323144172216751,0.4714027388034742,0.4184036358166013,0.3916592091283399,0.1529874543356222,-0.12631682269989622,-0.39640288389138456,0.055087990625239364,0.10025570287545138,-0.07547833171446139,-0.6841855837940987,0.3758089257333662,-0.7296902733927152,0.602857607744119
CESM2,long,164.52845528455285,63.9349593495935,181.25412146456011,100.59349593495935,6.260919184480771e-05,135.01626016260164,0.44132224247196555,0.04344569891691208,136.0,0.018792252987623215,142.0,0.012374969199299812,151.0,345538.34375,141.0,337592.5625,150.0,30.289215087890625,130.0,3.399789810180664,131.0,2.5975234508514404,129.0,0.0019584770780056715,135.0,-0.00290144351311028,136.0,0.2796520600785838,-0.04770778348299323,0.6457773154230978,0.33784469623957597,0.7346900133279466,0.31111720029626644,0.6146370448730369,0.3629687993248862,0.6756986356685583,0.20881953317910976,0.5559474992523978,0.08135806412387372,-0.01792545621576045,0.12696105876172728,-0.21141704840040632,-0.002762322149829674,-0.6640635170441987,0.49807087926581084,-0.7707557121565739,0.41000785060923317
CESM2,short,358.0975609756098,75.88617886178862,220.8416246266929,282.2113821138211,6.87087144982117e-05,318.3658536585366,0.44132224247196555,0.3134438693523407,270.0,0.017649659886956215,347.0,0.011459858156740665,322.0,341774.84375,348.0,333481.6875,291.0,28.777578353881836,364.0,3.8541929721832275,306.0,2.9951012134552,310.0,0.013505727052688599,315.0,0.002065403386950493,323.0,0.720025354123258,0.3393948251583775,0.7271573405378059,0.37695630459447194,0.7077473420447805,0.23432611890799743,0.6927290055494602,0.12740195584898495,0.6105283002757985,0.3767934907380608,0.6474434160554574,0.21427310526969578,-0.1945587740468521,0.0866666160702304,-0.07452692609437059,-0.16358342689537225,-0.6718611198485521,0.2077384720079664,-0.8768371130776269,0.3462433846262817
CESM2-FV2,long,168.68965517241378,49.55172413793103,134.29892971563308,119.13793103448276,5.379002583328562e-05,146.3448275862069,0.6855030369770738,-0.09225218743085861,148.0,0.017235180363059044,145.0,0.01173009816557169,154.0,341040.84375,146.0,334336.9375,153.0,29.52613067626953,130.0,4.672945976257324,141.0,5.27347993850708,138.0,0.004822923801839352,156.0,-0.003611986758187413,152.0,-0.13568459169498526,0.34399439788620506,-0.2476832747109981,0.354678166219976,0.5638426024503427,0.489915355373343,-0.34917284386221215,0.3041866814468352,-0.12286254930039017,0.5399864801952624,0.09086898628747153,0.4373601505651413,-0.25458038154063833,-0.03890986249437112,-0.22923644580214203,-0.14001252465325648,-0.7157676292269823,-0.11950018129649374,-0.7734381719526121,0.08295100036626306
CESM2-FV2,short,368.44827586206895,89.93103448275862,325.5899189377958,278.51724137931035,8.611969804343093e-05,316.82758620689657,0.6855030369770738,-0.0920129045844078,263.0,0.016482220962643623,338.0,0.011215539649128914,334.0,336363.21875,337.0,331290.65625,295.0,28.009632110595703,364.0,1.6625090837478638,306.0,0.41796231269836426,303.0,0.004630758427083492,334.0,-0.014007124118506908,335.0,0.772554125292219,-0.31105384047664897,0.6698821064571128,0.1965965749979889,0.8866744193257186,0.4907650687820135,0.617571323457375,0.17718813852602738,0.8575697423004633,0.4980061185956877,0.7387631858576479,0.2715761582194325,-0.10983091514641116,0.004588336731569175,0.1528089141314697,-0.2990692333236782,-0.8727865024901565,0.27905752934697753,-0.9456786655375232,0.49337674236256435
CESM2-WACCM,long,172.0,75.08333333333333,238.8597178230529,96.91666666666667,7.242749890489601e-05,127.21666666666667,0.46590118304663986,0.007007262669503689,143.0,0.01842292584478855,144.0,0.012521609663963318,151.0,344551.8125,137.0,337912.71875,151.0,30.06104278564453,131.0,3.281571865081787,131.0,3.905454635620117,133.0,-0.006254694890230894,127.0,-0.010531746782362461,126.0,-0.23366705583031325,0.3533386257434952,0.2714194890476233,0.3972608022423765,0.633675243630405,0.5350085928187459,0.19415978663081143,0.39170912777628336,0.42646637338401305,0.5318953346856097,0.05555009129298375,0.1278757578921841,0.20102635067043373,0.26462444540561714,-0.13067559296246045,0.05866367027835593,-0.8218048233601091,0.3162317410631623,-0.8173355903185348,0.7844015735015237
CESM2-WACCM,short,346.04347826086956,68.65217391304348,184.70344469038557,277.39130434782606,6.566528697832204e-05,313.46086956521737,0.46590118304663986,-0.26210451126098633,320.0,0.01714961603283882,345.0,0.011457588523626328,299.0,340694.21875,346.0,334258.875,298.0,28.565141677856445,358.0,3.450502872467041,312.0,2.64921498298645,311.0,0.011520277708768845,335.0,0.006981156766414642,310.0,0.8347457039617441,-0.2739651340306156,0.691742781176551,0.3222956021975855,0.8263516428966072,0.3631695074430075,0.6654530566403546,0.39625690589326934,0.76912725266424,0.3937098892502116,0.6771417240563495,0.0841703161821375,-0.09935669203033808,-0.3885287139589772,0.11433334232715549,-0.27773612826881505,-0.7492334406088803,0.4371420153913396,-0.893640929078561,0.38130377428594026
CESM2-WACCM-FV2,long,174.96666666666667,55.833333333333336,152.96009019381017,119.13333333333334,5.383815408398125e-05,148.33333333333334,0.6108713581783903,0.21301375329494476,162.0,,,,,,,,,29.719661712646484,135.0,,,,,0.006320700515061617,140.0,0.0013857639860361814,140.0,-0.08852666925138475,-0.20144891447062707,,,,,,,,,0.1998009596127108,-0.29697998443549206,,,,,-0.6696776086974083,0.3551825200816957,-0.712036615633009,0.42204442394976116
CESM2-WACCM-FV2,short,371.5,86.43333333333334,317.73353830179985,285.06666666666666,7.734001937933498e-05,305.5,0.6108713581783903,0.5527743101119995,280.0,,,,,,,,,28.237272262573242,364.0,,,,,0.010595997795462608,352.0,-0.0031158197671175003,331.0,0.6812010509749041,0.07474556431238885,,,,,,,,,0.25787200464401994,0.212936759290437,,,,,-0.8254248652030234,0.11715100310829962,-0.7912884614160786,-0.012099657204342432
CMCC-CM2-HR4,long,209.50537634408602,85.95698924731182,493.2131651996432,123.54838709677419,9.310559811814117e-05,188.49462365591398,0.6041141592480533,0.3580663204193115,131.0,,,,,,,,,30.094833374023438,129.0,,,,,,,,,0.2560841672235263,0.3368999081260883,,,,,,,,,0.2751009702302273,0.45657539159259786,,,,,,,,
CMCC-CM2-HR4,short,341.05454545454546,86.27272727272727,397.4789794518305,254.78181818181818,0.00011592945824800567,306.1090909090909,0.6041141592480533,1.5718557834625244,297.0,,,,,,,,,29.08060646057129,328.0,,,,,,,,,0.7435511036813203,0.34201028803053135,,,,,,,,,0.6167418940878021,-0.030893288916228792,,,,,,,,
CMCC-CM2-SR5,long,157.784,64.176,245.0098706822464,93.608,7.77398823411204e-05,120.76,0.3620276268597197,0.023049890995025635,127.0,0.015774432569742203,134.0,0.013598855584859848,135.0,,,,,30.197717666625977,121.0,-1.3379347324371338,117.0,-2.5182323455810547,149.0,0.012300606817007065,129.0,-0.013826345093548298,128.0,0.2799914322434032,0.44434804147286117,0.7001116253229075,0.6878665699401941,0.6504792476150218,0.6833742628937078,,,,,0.4042963518401816,0.5816842346392455,0.335647013280872,-0.12238841591968797,0.2604440225312004,0.1474358159136752,-0.46727498225815656,0.24786627929969102,-0.6602858410466262,0.6926363474094954
CMCC-CM2-SR5,short,341.112,74.8,281.0837132807992,266.312,7.554319215705618e-05,304.36,0.3620276268597197,-0.5736091732978821,311.0,0.013731884770095348,304.0,0.011873348616063595,301.0,,,,,28.524776458740234,331.0,-0.6269151568412781,327.0,-2.7813408374786377,308.0,0.015539020299911499,313.0,-0.004879737738519907,309.0,0.5716199151531882,0.22224780225424315,0.7800721017178834,0.2981667605541768,0.7547254621754093,0.2081635347679742,,,,,0.5291138483224109,0.2407798651348427,-0.34575991317517707,0.08768417328164467,-0.24881298403056304,0.009133210603596738,-0.7082325949887122,-0.14525616543828287,-0.8717621769517218,0.445251995620319
CMCC-ESM2,long,160.34188034188034,66.28205128205128,259.70466650799676,94.05982905982906,7.604615584413349e-05,122.74358974358974,0.358561759354668,,,,,,,,,,,,,,,,,,,,,,,,,,,,,,,,,,,,,,,,
CMCC-ESM2,short,345.0,79.13675213675214,309.4748899640343,265.86324786324786,7.967361540441067e-05,308.5897435897436,0.358561759354668,,,,,,,,,,,,,,,,,,,,,,,,,,,,,,,,,,,,,,,,
CNRM-ESM2-1,long,150.28048780487805,49.24390243902439,100.24190116444912,101.03658536585365,5.0407187789061e-05,126.3780487804878,0.6084170490652692,,,,,,,,,,,,,,,,,,,,,,,,,,,,,,,,,,,,,,,,
CNRM-ESM2-1,short,344.25,75.9,236.21791015162498,268.35,7.476953242644414e-05,304.8875,0.6084170490652692,,,,,,,,,,,,,,,,,,,,,,,,,,,,,,,,,,,,,,,,
CanESM5,long,153.95454545454547,55.5,118.40852913993352,98.45454545454545,5.915150607258759e-05,121.54545454545455,0.45298317193800824,-0.6991928219795227,120.0,0.01492102537304163,132.0,0.011939349584281445,142.0,339372.28125,132.0,336489.59375,138.0,29.675500869750977,118.0,0.07922694087028503,153.0,-0.9770056009292603,149.0,0.010561282746493816,128.0,0.008341453038156033,122.0,0.15672222568828975,0.5051314873276005,0.5336389933808482,0.6544223566558612,0.38293928892142864,0.44218925485959176,0.28597552642444024,0.4867043875583606,0.14965036977677543,0.5208717521163817,-0.08735238288498115,0.40063045602513403,-0.28760294731626745,0.10254374919162385,-0.19141006647825293,-0.1805971561463383,-0.34979344513718313,-0.07844728190940424,-0.697921752444303,0.5846295760938568
CanESM5,short,343.0,75.0909090909091,178.7847736135239,267.90909090909093,7.567199943216771e-05,308.04545454545456,0.45298317193800824,-0.10579533874988556,282.0,0.01459659542888403,306.0,0.011653667315840721,305.0,337298.40625,303.0,334815.96875,290.0,28.755434036254883,331.0,0.3499993681907654,281.0,-1.8610414266586304,273.0,0.009462936781346798,313.0,0.004361626226454973,312.0,0.5276732783263096,0.2405165184002348,0.7450013171024894,0.42255539041712037,0.6369715716874019,0.5135902263683084,0.649724864088738,0.0601491269545749,0.5555174173276695,0.18157768203540345,0.40664384211039983,0.19187747723834248,-0.49811572985663227,-0.25726984825938365,-0.41858548322367667,-0.2965846849504832,-0.6661564584640736,-0.1458136187724899,-0.8623206249787845,0.43397483572745615
EC-Earth3,long,160.28458498023716,39.47430830039526,104.62997877060228,120.81027667984189,5.136512469977353e-05,137.8695652173913,0.7378992543548841,0.4513337016105652,153.0,0.013316234573721886,142.0,0.01159066054970026,142.0,335053.53125,141.0,335417.09375,141.0,29.517004013061523,135.0,1.983902931213379,120.0,-1.0305203199386597,129.0,0.010157158598303795,139.0,-0.0017040785169228911,137.0,0.23722720917758255,0.4204221364843312,0.7507477528609524,0.6840845358303906,0.5928035706339715,0.677328903569878,0.31707607010448835,0.5251051358077654,0.2101107922362418,0.6267389721968314,0.26574843645861823,-0.05027307323676607,0.48084859116411,0.4130562153377424,0.22889441345299344,0.15308085540220817,-0.43859882188804095,-0.2474346171230161,-0.7358467536617384,-0.18480849932098636
EC-Earth3,short,347.4186991869919,89.00813008130082,349.23322111290594,258.4105691056911,8.553950816511916e-05,301.7073170731707,0.7378992543548841,1.629982829093933,296.0,0.013193312101066113,304.0,0.011141852475702763,304.0,332923.78125,301.0,333175.28125,277.0,28.681547164916992,324.0,-1.8230777978897095,294.0,-2.9992551803588867,293.0,-0.007639179937541485,320.0,-0.020050445571541786,320.0,0.7639952608919784,0.4674737222522299,0.6884977723244889,0.557264425907939,0.6950213267260694,0.5438926400107154,0.5006751347062657,0.3245289729299644,0.5639023972553522,0.23789160470839707,0.6220419736035812,0.04896871733471289,-0.22484551216955057,0.07331488978622933,-0.17813156613547892,0.2886404360703723,-0.5671103991035722,0.028485766117657442,-0.6740685182260309,0.6160805443378317
EC-Earth3-AerChem,long,178.63003663003664,47.46153846153846,171.6038983285752,131.16849816849816,5.751310397629693e-05,152.21978021978023,0.3537669323969552,,,,,,,,,,,,,,,,,,,,,,,,,,,,,,,,,,,,,,,,
EC-Earth3-AerChem,short,344.6666666666667,84.875,368.1418988661369,259.7916666666667,9.586227007124156e-05,296.8333333333333,0.3537669323969552,,,,,,,,,,,,,,,,,,,,,,,,,,,,,,,,,,,,,,,,
EC-Earth3-CC,long,168.02380952380952,46.21825396825397,125.14785949138027,121.80555555555556,5.287461182873928e-05,145.46031746031747,0.7071078488480175,,,,,,,,,,,,,,,,,,,,,,,,,,,,,,,,,,,,,,,,
EC-Earth3-CC,short,344.0632911392405,85.39240506329114,347.73014978754367,258.67088607594934,8.950098783953238e-05,296.47679324894517,0.7071078488480175,,,,,,,,,,,,,,,,,,,,,,,,,,,,,,,,,,,,,,,,
EC-Earth3-Veg,long,171.86274509803923,42.77450980392157,122.65253998666594,129.08823529411765,5.041844030761151e-05,150.73039215686273,0.7600124833140578,0.5455341339111328,152.0,0.012848667800426483,152.0,0.01153663732111454,153.0,,,,,29.547216415405273,137.0,2.965686559677124,122.0,0.1475372463464737,125.0,0.01674705743789673,134.0,0.009538424201309681,138.0,0.4538491733828446,0.03884996642639267,0.5893779112351833,0.33163077045531775,0.43722511857651275,0.2936712689699348,,,,,0.41964792264544126,0.2282252383183201,0.24307884495656765,0.14864722389825955,0.14281146383211685,-0.05919071717762798,-0.49600060504298726,-0.021364970761822616,-0.7334880444655476,0.3038372689927178
EC-Earth3-Veg,short,345.0740740740741,86.5925925925926,347.87805907596976,258.48148148148147,9.023061649819648e-05,296.8783068783069,0.7600124833140578,1.796381950378418,292.0,0.013007870875298977,305.0,0.011144734919071198,295.0,,,,,28.768280029296875,318.0,-2.4528791904449463,286.0,-3.1396331787109375,282.0,0.0012933650286868215,308.0,-0.013395830057561398,312.0,0.8345033342201236,0.05024471585666256,0.6861383806223023,-0.09889022408730597,0.7122115576402256,-0.16926348728075247,,,,,0.5196505615502731,-0.02658399684710986,-0.5306376778260067,-0.10123508225019692,-0.1220509298170901,-0.23971653987326202,-0.6893603234480943,-0.15370168098275408,-0.8238168725963579,0.4150375820012988
EC-Earth3-Veg-LR,long,157.25510204081633,39.10204081632653,104.38001023010928,118.15306122448979,4.8296482344419336e-05,140.1122448979592,0.7365503264087726,0.5749002695083618,150.0,0.012448655441403389,150.0,0.010982353240251541,151.0,,,,,28.967424392700195,136.0,1.7701271772384644,127.0,0.21083752810955048,142.0,0.0075824023224413395,142.0,-0.0008145113824866712,146.0,0.11006924601803302,-0.16722023076159548,0.8939852688704187,0.7726747477015178,0.8393565005872792,0.7819320068828379,,,,,0.5284732801695029,0.2835672857054205,0.4331278129069338,0.41411650876278283,0.03700088965673423,0.3817799011757541,-0.6772564924036448,-0.00865647267804144,-0.7766865960137171,-0.1681250747184347
EC-Earth3-Veg-LR,short,350.2061855670103,88.14432989690722,396.0265569763012,262.0618556701031,8.921621064445455e-05,300.7628865979381,0.7365503264087726,2.0323266983032227,292.0,0.012488480657339096,316.0,0.010656427592039108,290.0,,,,,28.088300704956055,323.0,-2.914491891860962,277.0,-3.544114112854004,275.0,-0.00034546226379461586,328.0,-0.022344451397657394,304.0,0.8454405072752971,-0.06901526171001043,0.9185143760630449,0.3345928266055147,0.9278639548698795,0.31140526717992956,,,,,0.6301369982594758,0.11420736419395336,-0.240599302690336,-0.1804464779798253,0.30683009375592907,-0.15163029568847736,-0.43599209543991396,-0.1276678918919696,-0.677313227222714,0.5635463919883152
FGOALS-f3-L,long,166.97826086956522,72.91304347826087,136.4302180982903,94.06521739130434,5.404668220011366e-05,132.04347826086956,0.5265615259867442,,,0.017166700214147568,158.0,0.011446475051343441,157.0,339909.21875,154.0,334224.3125,154.0,,,3.7009096145629883,128.0,1.280519962310791,137.0,0.011609494686126709,123.0,0.007937106303870678,122.0,,,0.8864603014129173,0.04704830150880951,0.4527060887568702,0.4292437955806701,0.7941325246514689,0.4222496211766645,0.18196498653764373,0.1467801132297662,,,0.41931969266762237,0.0068050811650699,0.22759223689712188,-0.19991668948898533,-0.6332556086410369,0.3757293257371882,-0.7315694343731377,0.43921291253281514
FGOALS-f3-L,short,350.4470588235294,86.10588235294118,168.1647641820505,264.3411764705882,7.111537099048933e-05,305.01176470588234,0.5265615259867442,,,0.016074463725090027,332.0,0.010973522439599037,301.0,337870.75,332.0,332510.15625,287.0,,,2.503080368041992,351.0,-1.9025330543518066,351.0,0.004304735921323299,333.0,0.0008216984570026398,304.0,,,0.6155513392436605,-0.010467184974232914,0.6704249656624519,0.41570642025415916,0.6834167155140258,-0.3150010391848176,0.5274438948211675,0.2500488971433866,,,-0.11985030736635484,-0.16112468113498135,-0.0011909874056796332,-0.15074595649120293,-0.7610564229584798,-0.026268283153419107,-0.9042582467770176,0.24379977662688015
FGOALS-g3,long,174.2,56.333333333333336,174.96621532538484,117.86666666666666,7.90750185236296e-05,144.26666666666668,0.6936868100999424,,,0.01772504486143589,154.0,0.011156674474477768,154.0,,,,,,,5.353466987609863,94.0,-1.3610559701919556,135.0,-0.009913446381688118,153.0,-0.0011956400703638792,153.0,,,0.2909054642943082,0.5829032928980391,0.441521590849849,0.5128638568023749,,,,,,,0.12410062428616676,-0.07923592704383985,0.05014354342444844,0.20169549525148034,-0.596664421480301,0.48341388097100446,-0.5584262685871058,0.5151828166417436
FGOALS-g3,short,353.8,93.33333333333333,357.59038641364896,260.46666666666664,0.000100443281068389,301.6,0.6936868100999424,,,0.016801485791802406,289.0,0.010949249379336834,289.0,,,,,,,-0.6756729483604431,296.0,-3.1180481910705566,289.0,-0.009799542836844921,287.0,-0.01395077258348465,288.0,,,0.5867527498893764,0.23938774880626001,0.7319208204078915,0.14137890398702824,,,,,,,-0.2660589672197119,0.1358061002503581,-0.16919090308305976,-0.09487316995677138,-0.7914786009912417,0.4153535394252134,-0.8186034249870355,0.418426038600321
GFDL-CM4,long,156.30985915492957,64.17605633802818,225.70887576391007,92.13380281690141,9.388844845373787e-05,125.71126760563381,0.35614176641562756,,,0.017178628593683243,132.0,0.011969523504376411,140.0,341416.8125,130.0,335094.59375,132.0,29.036306381225586,125.0,3.25864839553833,116.0,0.7452235817909241,124.0,0.0011399624636396766,124.0,-0.010050076059997082,124.0,,,0.5736479010708925,0.287297754169594,0.5970785830576583,0.22596699599494413,0.49069289568148733,0.4095136702321685,0.5188696305574323,0.26410451579199934,0.2627480735575474,0.019827660478268793,0.23917470899491605,-0.27068932766595627,0.12841717690952956,-0.25294918723211585,-0.34417810834511176,0.44501728613999747,-0.44712159835852777,0.3862701938305586
GFDL-CM4,short,338.2042253521127,67.92957746478874,251.96437436909778,270.27464788732397,0.00010176557473859645,305.2323943661972,0.35614176641562756,,,0.016074195504188538,315.0,0.011189739219844341,296.0,337963.09375,314.0,332639.71875,295.0,27.966678619384766,325.0,3.3574016094207764,289.0,2.577948570251465,287.0,0.005369236692786217,319.0,-0.006671599578112364,300.0,,,0.7532701862861357,0.4487264592598526,0.6736490781930724,0.47637097616190655,0.6221162589202982,0.5083148900872455,0.5334893319681564,0.25872312515265394,0.3719928756594394,-0.026798201671152877,-0.16214302656906032,0.05494065976329388,-0.2084018119806992,0.2639128903526773,-0.7792937370468864,0.16218795600959124,-0.7995471600114391,0.5920265749891895
GFDL-ESM4,long,157.8048780487805,57.47154471544715,215.95256935682897,100.33333333333333,9.298464778762944e-05,124.3739837398374,0.45226349022995943,,,,,,,,,,,,,,,,,,,,,,,,,,,,,,,,,,,,,,,,
GFDL-ESM4,short,341.6198347107438,76.40495867768595,367.7230152304557,265.21487603305786,0.00012512953524056376,303.08264462809916,0.45226349022995943,,,,,,,,,,,,,,,,,,,,,,,,,,,,,,,,,,,,,,,,
IITM-ESM,long,158.24137931034483,64.82758620689656,151.47942404196647,93.41379310344827,4.701691893293675e-05,121.79310344827586,0.5639319979215024,,,,,,,,,,,,,,,,,,,,,,,,,,,,,,,,,,,,,,,,
IITM-ESM,short,364.0689655172414,84.93103448275862,171.13404928056812,279.13793103448273,4.5488088807328965e-05,262.17241379310343,0.5639319979215024,,,,,,,,,,,,,,,,,,,,,,,,,,,,,,,,,,,,,,,,
INM-CM4-8,long,150.76923076923077,66.71794871794872,297.333420029519,84.05128205128206,7.463746470211145e-05,114.8974358974359,0.539551625024157,,,0.015440601855516434,120.0,0.012803982943296432,117.0,334210.8125,117.0,335794.53125,108.0,,,-1.9532196521759033,119.0,-3.7071306705474854,139.0,-2.890483983719605e-06,207.0,-0.014486991800367832,117.0,,,0.5821609832560183,0.747794854841379,0.37734350228672525,0.3587046619410765,0.4721751678827597,0.4184826744914805,0.2967143598152747,0.15017973715702515,,,0.1735633038796814,0.37227293417063073,0.3004285101108131,0.2930011271310868,-0.5692599653327632,0.08047755119173292,-0.703407940618297,0.7561007783308459
INM-CM4-8,short,336.2631578947368,85.5,519.3151613396415,250.76315789473685,0.00011004372687526292,295.7368421052632,0.539551625024157,,,0.015460018999874592,300.0,0.012424703687429428,292.0,333541.875,298.0,334391.9375,283.0,,,-3.438641309738159,321.0,-5.506479740142822,317.0,-0.012289360165596008,296.0,-0.03213023766875267,297.0,,,0.7157384053176334,0.32423975557545737,0.5966617407505886,0.29787432427574495,0.6675768152731352,0.04339024493690052,0.3840186151791019,0.3537489875722326,,,0.34520093789373274,0.3187649887855807,0.2851517238890567,0.4124095460544637,-0.6431570437728369,0.4060461381128282,-0.6876097892199261,0.8193595804905711
INM-CM5-0,long,154.33333333333334,70.75,291.10359159021755,83.58333333333333,7.736317264870094e-05,112.5,0.4292919907946511,,,0.01480166707187891,121.0,0.012348834425210953,112.0,332796.3125,121.0,334422.84375,109.0,,,1.018982172012329,119.0,-2.2465412616729736,129.0,0.002750442363321781,121.0,-0.009894867427647114,119.0,,,0.7585760613480539,0.7117553719056786,0.6376593805932724,0.5169705290828863,0.7453162209844242,0.4849202690256234,0.5986427418624778,0.6142814247591389,,,0.07545030901294031,-0.10842576304262155,0.13556117857064376,0.02725496479224666,-0.6977397354807505,0.6404277552710153,-0.7259982025575757,0.40678268378939586
INM-CM5-0,short,339.72222222222223,77.30555555555556,333.3529537583672,262.4166666666667,7.898765872798524e-05,299.44444444444446,0.4292919907946511,,,0.014455984346568584,302.0,0.011674609035253525,297.0,331117.90625,301.0,332559.28125,289.0,,,-1.0448917150497437,326.0,-4.451352596282959,317.0,0.0064601111225783825,299.0,-0.004185499157756567,300.0,,,0.5134974620359334,-0.1962267767980614,0.41941950330605127,0.5171310288869679,0.5503625006686362,-0.21846905806029204,0.34280815603365605,0.3297979011493126,,,-0.042983520520737686,-0.12375291853607337,-0.03788705478930958,0.17697228533069653,-0.6230391499393717,0.1807707650042204,-0.7761063187956919,0.04909776854971941
IPSL-CM5A2-INCA,long,159.0,63.111111111111114,108.1265938346405,95.88888888888889,3.7327794618451866e-05,125.72222222222223,0.5254764221944194,,,,,,,,,,,,,,,,,,,,,,,,,,,,,,,,,,,,,,,,
IPSL-CM5A2-INCA,short,350.0,70.33333333333333,174.15202910979133,279.6666666666667,4.962655404799282e-05,318.22222222222223,0.5254764221944194,,,,,,,,,,,,,,,,,,,,,,,,,,,,,,,,,,,,,,,,
IPSL-CM6A-LR,long,165.5952380952381,60.11904761904762,266.9797988856901,105.47619047619048,7.752376759959762e-05,142.8095238095238,0.5458204736743077,0.006561698392033577,136.0,0.016669444739818573,146.0,0.011459198780357838,150.0,339349.8125,142.0,332693.21875,138.0,29.249692916870117,129.0,0.2046283632516861,123.0,-3.673646926879883,123.0,0.0005360053037293255,146.0,-0.007555984891951084,144.0,0.2678064922779539,-0.035568403597746684,0.440652427222279,0.40902993396754506,0.4453880619430133,0.4097610023712909,0.39973908710273554,0.42549856638496075,0.39636678529506925,0.5628243384512472,0.2931163216125917,0.1600848312713101,0.0702977161809785,0.24462859216282798,0.1065204455805002,0.11919924294902748,-0.6584128375931516,0.6637674023106274,-0.4779619816147824,0.5020634111244993
IPSL-CM6A-LR,short,348.9024390243902,87.04878048780488,487.4858992819876,261.8536585365854,0.000117488263285628,302.8292682926829,0.5458204736743077,0.1854817420244217,288.0,0.01649889163672924,327.0,0.011691393330693245,297.0,338294.4375,327.0,332532.4375,297.0,28.156631469726562,326.0,-1.8376998901367188,317.0,-4.737138271331787,332.0,-0.01076301746070385,327.0,-0.026972206309437752,305.0,0.6385560661040626,-0.14116601996932174,0.651786244870882,0.32430824804355907,0.6364455891144237,0.3531828758189573,0.6107604214677042,0.11069016805547173,0.5999694472487469,0.32967518256635253,0.5146987559013164,0.3222759740002443,-0.03203191980382265,-0.05859519213791265,-0.13606439285633656,-0.2722481256730846,-0.615311811823397,0.21953773506130891,-0.6020765537984274,0.15823774640582755
IPSL-CM6A-LR-INCA,long,154.97222222222223,56.75,253.12200432090322,98.22222222222223,7.779075996141828e-05,128.94444444444446,0.46787451617542064,,,,,,,,,,,,,,,,,,,,,,,,,,,,,,,,,,,,,,,,
IPSL-CM6A-LR-INCA,short,343.1111111111111,81.25,440.01070191807224,261.8611111111111,0.00010934248550458708,299.27777777777777,0.46787451617542064,,,,,,,,,,,,,,,,,,,,,,,,,,,,,,,,,,,,,,,,
KACE-1-0-G,long,153.4857142857143,39.0,69.32770227951191,114.48571428571428,3.704090108666859e-05,133.88571428571427,0.7400327357290766,,,0.016668260097503662,144.0,0.011617117561399937,149.0,,,,,,,2.574050188064575,211.0,0.39767634868621826,198.0,0.0017195668770000339,130.0,-0.07730283588171005,118.0,,,0.24763778528254368,0.06819815186126318,0.6492696423164418,0.14745425297057096,,,,,,,0.04454503631417296,-0.12489889447502818,0.0451124452343258,-0.07858263279467578,-0.5745290602058772,0.5800924528850553,0.25735037434786834,0.329467187700474
KACE-1-0-G,short,349.65714285714284,93.31428571428572,256.9514075811477,256.34285714285716,6.179044441223443e-05,295.2857142857143,0.7400327357290766,,,0.01736418902873993,334.0,0.011648658663034439,294.0,,,,,,,1.9218928813934326,230.0,-1.4988970756530762,230.0,-0.018623841926455498,285.0,-0.06534954905509949,305.0,,,0.694522330270811,0.2945711216907193,0.6111583595919821,0.3697617759296581,,,,,,,-0.5309702765870765,-0.25333190958058827,-0.7155836037138263,-0.032265617736903195,-0.7693049753200547,0.5570076334345918,0.5709247066086869,0.23985044150460325
KIOST-ESM,long,158.8235294117647,76.11764705882354,210.87372808281492,82.70588235294117,4.989613283696064e-05,116.8529411764706,0.4683326411596423,-0.11253779381513596,105.0,,,,,,,,,29.305892944335938,113.0,,,,,,,,,0.424525601582344,0.16684419022722657,,,,,,,,,0.08182878870408877,0.2831651625294355,,,,,,,,
KIOST-ESM,short,333.97058823529414,88.26470588235294,252.5446480464512,245.7058823529412,5.967294665050063e-05,299.8235294117647,0.4683326411596423,0.7062075138092041,289.0,,,,,,,,,28.667755126953125,313.0,,,,,,,,,0.7261688349124784,0.12782409147229837,,,,,,,,,0.3832212784550268,-0.03630579054867336,,,,,,,,
MIROC6,long,151.58928571428572,75.21428571428571,256.1021254138077,76.375,8.102908996728988e-05,120.23214285714286,0.4972056912504165,0.4321490526199341,131.0,0.01729663833975792,134.0,0.012933462858200073,135.0,340799.375,125.0,337299.1875,138.0,29.519208908081055,124.0,4.839250087738037,114.0,3.28706693649292,115.0,-0.006248634774237871,127.0,-0.016311338171362877,125.0,0.3484885230347756,-0.2183350802128309,0.3329536772746876,0.41519308384300213,0.5503694938435463,0.45354950746648937,,,,,0.3530750504837119,0.4034892543575789,0.1543134417341188,0.3926399569435381,0.01132825771074018,0.027420566585458182,-0.6802435948000825,0.6316917232452435,-0.6792074284432132,0.5929130197676992
MIROC6,short,328.4909090909091,57.41818181818182,177.3911401456892,271.07272727272726,6.161694979131095e-05,301.94545454545454,0.4972056912504165,-0.40162795782089233,316.0,0.016305197030305862,337.0,0.011058114469051361,297.0,339025.84375,330.0,332809.9375,290.0,28.00591278076172,326.0,4.657311916351318,309.0,2.780863046646118,311.0,0.017722738906741142,350.0,0.005459125153720379,305.0,0.4866414263483114,-0.028077288284404756,0.636665518851272,0.4886682250369123,0.6603619098906215,0.07804041343024823,,,,,0.5152427111620268,-0.22399034518770194,-0.2828526524310394,-0.09665488403118289,-0.15717066653975764,-0.11344160794943332,-0.36439298779935336,-0.19894328023081023,-0.7530196921210046,0.35650829949025253
MPI-ESM-1-2-HAM,long,164.9189189189189,72.45945945945945,139.8464960953747,92.45945945945945,3.96417786465168e-05,134.51351351351352,0.415845123813352,0.16899240016937256,97.0,0.011927520856261253,129.0,0.010698935948312283,136.0,332806.71875,128.0,333304.875,136.0,28.404130935668945,120.0,1.6669540405273438,107.0,0.7661148309707642,111.0,0.0047823647037148476,127.0,0.0095731345936656,127.0,0.19711313920697932,0.09186531929592823,0.7237573053166817,0.6876636409190929,0.6045873147287996,0.7054430158502716,0.5146469392790076,0.5517538437309759,0.4091935821189895,0.5198225949731264,0.13188338747014003,0.17013790435720083,0.5765049713494715,0.32177971231292213,0.08743981832243805,-0.002098468301169814,-0.6999447744353119,0.4860394031154789,-0.6012123469803847,0.3281516930319798
MPI-ESM-1-2-HAM,short,330.6363636363636,61.84848484848485,74.21837446729327,268.7878787878788,3.523855075675811e-05,298.0,0.415845123813352,-0.24417302012443542,322.0,0.011444542557001114,297.0,0.010390256531536579,290.0,330270.9375,290.0,330986.34375,288.0,27.14851951599121,334.0,2.5017077922821045,309.0,0.09473638981580734,294.0,0.009723284281790257,320.0,0.02107960171997547,313.0,0.40448610897934223,0.08985488645657305,0.6814853876093497,0.3257842387067668,0.6059568705059604,0.11443568007653113,0.5354230952797608,0.1002077478619483,0.5388738220553045,0.16936857031821856,0.5649729737736492,0.23809625233447065,0.1418781313252112,-0.06311281003276681,-0.1366056346148854,0.08540024150661601,-0.658031289452878,0.11671062297068903,-0.8202341536971179,-0.13318604704080844
MPI-ESM1-2-HR,long,149.1081081081081,60.939189189189186,74.89293565168371,88.16891891891892,2.9631430818979522e-05,121.24324324324324,0.45414978406983025,0.35461676120758057,123.0,0.013744405470788479,132.0,0.012461240403354168,137.0,,,,,29.759796142578125,120.0,1.3891960382461548,56.0,-2.9078495502471924,99.0,0.014104822650551796,226.0,0.006642397493124008,123.0,-0.15257184206793734,0.06009265326833613,0.8123136049181897,0.5603977268397456,0.5721607172644487,0.5130179966804109,,,,,0.18015144865250332,0.2780595079473998,0.2417935397969038,-0.03094272484081253,0.32736381247428226,0.0762563456610468,-0.3196781404963966,0.2704217826944155,-0.7993460386187161,0.46422771731054996
MPI-ESM1-2-HR,short,331.4662162162162,69.0,122.23128490612471,262.4662162162162,4.678061634114931e-05,293.5135135135135,0.45414978406983025,0.07681320607662201,292.0,0.013416258618235588,292.0,0.012164606712758541,290.0,,,,,28.210630416870117,332.0,-0.2819715440273285,291.0,-4.026431083679199,291.0,0.008039595559239388,313.0,0.0079269390553236,313.0,0.6204662026168261,0.20219279864225176,0.8413461904263637,0.2706761059458974,0.7127409557088524,0.2206864378507658,,,,,0.4147320879412416,-0.01552200943993954,-0.09890065047585711,-0.1598187352302977,-0.15961697911737938,0.08474439791516439,-0.5298427221320633,-0.10502711721626953,-0.7742485239681587,0.29097215512677704
MPI-ESM1-2-LR,long,149.5,55.56666666666667,59.24186029227008,93.93333333333334,2.8865807674568108e-05,123.6,0.4452083138776966,-0.036860205233097076,114.0,0.012477722018957138,139.0,0.01125429943203926,143.0,334944.875,138.0,335303.25,142.0,28.716812133789062,120.0,2.6230034828186035,95.0,0.020855169743299484,98.0,0.011757262982428074,136.0,0.008985553868114948,137.0,-0.09625655698970463,0.18317414975260943,0.7245844433477885,0.4991039842934244,0.5777726937814692,0.4333506064549922,0.31064912660347027,0.403975389707941,0.2230849583033275,0.33277388790013107,0.1508221450117787,0.2482996581211282,0.23597638776766458,0.11042749917131074,0.24367296928213902,0.0652160241563432,-0.5622896839379525,0.28056225666543955,-0.8883006634185665,0.5555512885044633
MPI-ESM1-2-LR,short,340.73333333333335,66.9,75.26427224757491,273.8333333333333,3.159366503192966e-05,303.5,0.4452083138776966,-0.4646967053413391,305.0,0.012025768868625164,315.0,0.010710797272622585,314.0,331491.5625,286.0,331972.28125,282.0,27.408527374267578,335.0,3.443635940551758,294.0,1.0553855895996094,295.0,0.010811309330165386,343.0,0.016986656934022903,313.0,0.4355410738109526,0.2982544379989407,0.7230091098309559,0.5905220858146487,0.6672746371503632,0.6103290009054241,0.6123889172630139,0.4066484355897193,0.530902027818316,0.4235969202829347,0.19367381320859944,0.4097189762165043,-0.13222264707503803,-0.1512603613264496,-0.1672264323976452,0.32928007756026967,-0.370001519381539,0.04814977717121169,-0.5812418185676994,0.13035633333725266
MRI-ESM2-0,long,160.54166666666666,59.802083333333336,220.34102409223806,100.73958333333333,7.210463566783194e-05,130.13541666666666,0.5185093508385847,0.6440757513046265,229.0,0.018567536026239395,133.0,0.012426645494997501,147.0,,,,,29.4425106048584,124.0,0.2016637623310089,118.0,-1.896431803703308,123.0,0.001958652166649699,134.0,-0.008577074855566025,134.0,0.03615000204293681,0.31074556185670826,0.5158952689960887,0.2820684743107891,0.650065974817403,0.14702729132419728,,,,,0.3767892190275381,0.4488170829084461,0.36844533940035046,-0.24248502728765992,0.2455077106558146,0.14360272031061458,-0.730309489148608,0.3261082205802307,-0.753452572122718,0.6146037786503175
MRI-ESM2-0,short,339.6559139784946,76.20430107526882,383.6066202367346,263.4516129032258,0.00011881292110007952,291.7956989247312,0.5185093508385847,1.4532692432403564,287.0,0.017928047105669975,310.0,0.01206743624061346,286.0,,,,,28.25422477722168,343.0,-0.25050434470176697,289.0,-2.016249418258667,288.0,-0.0038647609762847424,288.0,-0.027885431423783302,297.0,0.843018613273381,0.0012384795953814462,0.8104904866974854,0.25019022632548726,0.8459850867257668,0.35694428500821584,,,,,0.6908620480164835,0.07578330621378628,-0.12380805566102002,0.10062364043406279,0.1991501503617626,0.10317001247395545,-0.8263334346323822,0.27733245305387283,-0.9259403927200868,0.4827010901304155
NESM3,long,150.2325581395349,49.44186046511628,110.61802861887679,100.79069767441861,5.228334064372046e-05,126.04651162790698,0.5388220756482146,1.1181769371032715,110.0,0.013605971820652485,136.0,0.012268734164536,143.0,,,,,29.459524154663086,120.0,1.5603001117706299,151.0,0.9082638621330261,135.0,0.008862875401973724,129.0,-0.0005562420119531453,131.0,-0.0496457912095096,0.28809607002226434,0.49437312514164994,0.5058447750041322,0.17754430974622099,0.5339820885566604,,,,,-0.11746625088975322,0.10958875043786342,0.440028520312075,0.06449546384971182,0.1154809604165156,-0.05853964798216363,-0.4260111206460246,0.2328175516547406,-0.678880415725814,0.5617681571964833
NESM3,short,341.5813953488372,69.88372093023256,222.45527799194025,271.69767441860466,7.59904257794788e-05,306.69767441860466,0.5388220756482146,0.9638153314590454,275.0,0.013863416388630867,311.0,0.012122679501771927,310.0,,,,,27.98214340209961,328.0,1.288989782333374,322.0,-0.8141565322875977,320.0,0.0035672776866704226,313.0,-0.0036305314861238003,309.0,0.6178446606873986,0.030453758417168714,0.8230499258374747,0.7546623184356356,0.6937574672281839,0.6651413314533137,,,,,0.14279112530572846,-0.13389690108900762,-0.29658083092971765,0.3388564639985222,0.12068338360345798,0.01998713114745269,-0.42545884932326444,0.30597056766450115,-0.701794668502635,0.6017804140296991
NorCPM1,long,207.66666666666666,50.5,193.2432768662693,157.16666666666666,6.933811831307442e-05,180.16666666666666,0.7641864372010646,,,,,,,,,,,,,,,,,,,,,,,,,,,,,,,,,,,,,,,,
NorCPM1,short,378.0,101.6,441.7405889136717,276.4,8.61535663716495e-05,337.8,0.7641864372010646,,,,,,,,,,,,,,,,,,,,,,,,,,,,,,,,,,,,,,,,
NorESM2-LM,long,164.5,63.0,131.97761064035518,101.5,5.1460432985095395e-05,136.75,0.3724895448626493,-0.3378063440322876,149.0,0.01424850057810545,150.0,0.012238609604537487,151.0,,,,,29.71735954284668,130.0,3.0981953144073486,147.0,2.705580472946167,149.0,-0.004728327970951796,144.0,-0.0024400006514042616,145.0,0.06454628481903486,0.1904611988514641,0.6827574213501237,0.27760939648390887,0.6076311342718089,0.23310908503320027,,,,,0.2922978466149478,0.19502845052430673,0.009742328545332437,0.25077807914769884,-0.09987272520944958,0.0869263627962436,-0.6195781108469154,0.24380717215780706,-0.8157997078977273,0.3561579569549739
NorESM2-LM,short,352.0,75.0625,160.91157835058283,276.9375,5.649051450973275e-05,319.5625,0.3724895448626493,-1.1315487623214722,353.0,0.013246675953269005,303.0,0.01142044272273779,302.0,,,,,28.267189025878906,364.0,6.317727088928223,309.0,7.079357147216797,308.0,0.005777150858193636,308.0,0.007360354997217655,310.0,0.5537557551424703,0.07023590230509807,0.88902067664328,0.3645556523932325,0.8540339396383823,0.42448986578445297,,,,,0.3311749016557353,0.16351841330213893,-0.23837985467686784,0.055684357910169985,-0.2718374006210002,0.005659039774903238,-0.6912684065354373,0.005646540178532028,-0.9001771583578181,0.5066595554225685
NorESM2-MM,long,156.03809523809525,73.47619047619048,182.41662962339043,82.56190476190476,6.431159800697406e-05,122.3047619047619,0.3965130045012651,-0.3376551568508148,141.0,0.013706210069358349,135.0,0.01209802832454443,136.0,336419.46875,135.0,336248.375,135.0,29.46059799194336,126.0,3.6334877014160156,110.0,2.651641845703125,130.0,-0.015111157670617104,124.0,-0.017072025686502457,128.0,0.209772399124945,0.04036618814867473,0.7411089435429813,0.3824662683005071,0.6452036417159714,0.3506736015528615,0.6192785450752343,0.35369350667059624,0.551270852193139,0.3459684735782073,0.48156503508718035,0.14418251577231372,0.19529974708991638,0.21121928617408833,0.1937914470525104,-0.19145324333524924,-0.6223029355644082,0.2896309207952776,-0.7254536079034002,0.64388614575608
NorESM2-MM,short,332.51428571428573,56.08571428571429,131.50088151521882,276.42857142857144,5.1319446070660235e-05,305.3047619047619,0.3965130045012651,-1.1799362897872925,362.0,0.0124644311144948,306.0,0.011101031675934792,305.0,332295.5625,305.0,332732.875,305.0,27.756866455078125,364.0,4.426844596862793,324.0,2.9408857822418213,330.0,0.008034851402044296,325.0,0.005485943518579006,302.0,0.5744565651082336,-0.4777399624170919,0.8115775257967743,0.6402316932083487,0.7628714843461638,0.5851752915688764,0.7287133512270412,0.6540755838925684,0.6929849110556329,0.6215804999892889,0.5315490852349583,0.13929876414732653,0.19362812410055252,0.026128715807571652,0.153114841431521,-0.11846262592403055,-0.6536492255362948,-0.13804456384222408,-0.9233880151840927,0.38114873533316246
SAM0-UNICON,long,162.8,46.15,129.5883053141406,116.65,5.1391851466178194e-05,141.98,0.6913940222031739,0.3827170431613922,229.0,0.0158306322991848,137.0,0.011666719801723957,149.0,,,,,28.60989761352539,137.0,0.8074506521224976,128.0,1.8773616552352905,127.0,0.0034568007104098797,141.0,-0.00666696997359395,143.0,0.32943526358839603,0.1694265806352322,0.2321844564053077,0.3817086201027315,0.5224806386566413,0.48351306930432336,,,,,0.19175525611707195,0.509346052531513,0.07919273590993911,0.20213898954179607,-0.053413025975194775,-0.024547636667669005,-0.5484838315515621,0.00881999729083304,-0.7443203235979764,0.19048210060926773
SAM0-UNICON,short,350.340206185567,94.5360824742268,397.65435166202377,255.8041237113402,8.679629810131635e-05,313.9381443298969,0.6913940222031739,1.6618365049362183,282.0,0.015533083118498325,298.0,0.011248082853853703,284.0,,,,,28.02265167236328,333.0,-2.6483519077301025,306.0,-3.723694086074829,308.0,-0.016616497188806534,329.0,-0.03199256211519241,321.0,0.7097819178479085,-0.06414629975542013,0.6111132795518334,0.29848187375356117,0.8800146809603163,0.38441231406098914,,,,,0.7339422554684006,0.16062066383445028,-0.2907317431692056,-0.16766002900493596,-0.07608486263398183,-0.2445480336669002,-0.8422883664869752,0.010140051455652138,-0.8981341500910631,0.5581508690635761
TaiESM1,long,165.73033707865167,52.96629213483146,178.8279548405769,112.76404494382022,6.082486881210019e-05,137.82022471910113,0.6389298382677248,,,0.014765746891498566,145.0,0.012647658586502075,149.0,338577.53125,143.0,336981.875,145.0,,,2.627324104309082,130.0,0.021532973274588585,130.0,0.014379642903804779,197.0,0.0021489602513611317,138.0,,,0.6753539755775303,0.430787319474383,0.521817470369365,0.3021055461967279,0.49526625728708373,0.5059546087852685,0.3712741030808316,0.42358328781708593,,,0.03500794371333467,-0.21554980954242814,-0.004441344129744434,-0.04046033360392391,-0.22343938693133683,0.09462311907537962,-0.6823036523652668,0.284671113291691
TaiESM1,short,349.0112359550562,84.33707865168539,361.3850890268061,264.6741573033708,9.995618353733856e-05,309.75280898876406,0.6389298382677248,,,0.014237286522984505,299.0,0.011996295303106308,296.0,335944.34375,298.0,334654.40625,296.0,,,-3.0984699726104736,305.0,-6.481545925140381,295.0,-0.002218330977484584,336.0,-0.01819465681910515,317.0,,,0.8276607621261348,0.1643460968747183,0.7220012894755975,-0.35301465023140743,0.7037019256866561,-0.1397259646710977,0.5500839480462144,-0.2789021813459355,,,-0.03657136304628198,-0.18383226567946478,-0.1928304261264795,-0.07053320105288852,-0.8650194372817694,0.11303725041965194,-0.8603395728740176,0.24389376335584279
UKESM1-0-LL,long,157.93548387096774,56.806451612903224,127.91408200885078,101.12903225806451,4.452558671942567e-05,134.7741935483871,0.5134555358427362,,,,,,,,,,,,,,,,,,,,,,,,,,,,,,,,,,,,,,,,
UKESM1-0-LL,short,337.7068965517241,82.3103448275862,215.39121140360672,255.39655172413794,6.993508059321364e-05,291.9655172413793,0.5134555358427362,,,,,,,,,,,,,,,,,,,,,,,,,,,,,,,,,,,,,,,,
obs,long,149.79368817710787,70.35138954309939,208.79225163742083,79.44229863400848,6.8104652129339724,115.49222797927462,0.42607606440005774,0.2919727861881256,112.0,0.014972985722124577,126.0,0.012653447687625885,130.0,338306.71875,127.0,337398.75,130.0,29.222726821899414,113.0,2.4065682888031006,116.0,0.6412071585655212,116.0,-0.003195471130311489,121.0,-0.014025900512933731,120.0,0.031187764343039222,0.3153737654673193,0.6808765386025546,0.4035287619730269,0.6009964573191158,0.6058964633271868,0.5468512686771546,0.3962335043974169,0.45364605647336653,0.48269945074012766,0.2334196137627107,0.09107970696473106,0.23583273752566508,-0.05742055214884502,0.26806214082134383,0.3384866803098245,-0.6305395434892822,0.7409218870142102,-0.6737500252417532,0.5776370192004733
obs,short,328.0933521923621,63.67703913248468,157.93255123831707,264.41631305987744,5.780777657597692,293.27581329561525,0.42607606440005774,-0.07105841487646103,300.0,0.013276741839945316,308.0,0.01110996026545763,299.0,333573.125,300.0,333097.59375,294.0,27.946260452270508,347.0,1.1716420650482178,332.0,-2.1675426959991455,338.0,0.009798874147236347,313.0,0.0031615353655070066,308.0,0.6973063344054496,0.2971496045574384,0.7869093391260406,0.3471613390287291,0.7082830369803284,0.28277076358197356,0.7137072656625739,0.21853943540826157,0.6450889617576212,0.06032458739770533,0.48465775605855504,0.021811971977759935,-0.5671965942302838,-0.13877386293725327,-0.26260979094790576,-0.08769422403763966,-0.7772063978040237,0.13620652994314805,-0.8729535295326264,0.18384784569395635
